-- -- 실제 prod server에서는 한 번만 실행시키기
--
-- -- 데이터 십입 : 문화/예술
-- INSERT INTO category_large (CATEGORY_LARGE_ID, CATEGORY_NAME) VALUES (1, '문화/예술');
-- INSERT INTO category_small (CATEGORY_NAME, CATEGORY_LARGE_ID) VALUES ('전시', 1);
-- INSERT INTO category_small (CATEGORY_NAME, CATEGORY_LARGE_ID) VALUES ('영화', 1);
-- INSERT INTO category_small (CATEGORY_NAME, CATEGORY_LARGE_ID) VALUES ('뮤지컬', 1);
-- INSERT INTO category_small (CATEGORY_NAME, CATEGORY_LARGE_ID) VALUES ('공연', 1);
-- INSERT INTO category_small (CATEGORY_NAME, CATEGORY_LARGE_ID) VALUES ('디자인', 1);
--
-- -- 소분류 데이터 십입 : 운동/액티비티
-- INSERT INTO category_large (CATEGORY_LARGE_ID, CATEGORY_NAME) VALUES (2, '운동/액티비티');
-- INSERT INTO category_small (CATEGORY_NAME, CATEGORY_LARGE_ID) VALUES ('클라이밍', 2);
-- INSERT INTO category_small (CATEGORY_NAME, CATEGORY_LARGE_ID) VALUES ('등산', 2);
-- INSERT INTO category_small (CATEGORY_NAME, CATEGORY_LARGE_ID) VALUES ('헬스', 2);
-- INSERT INTO category_small (CATEGORY_NAME, CATEGORY_LARGE_ID) VALUES ('필라테스', 2);
-- INSERT INTO category_small (CATEGORY_NAME, CATEGORY_LARGE_ID) VALUES ('골프', 2);
--
-- -- 소분류 데이터 십입 : 푸드/드링크
-- INSERT INTO category_large (CATEGORY_LARGE_ID, CATEGORY_NAME) VALUES (3, '푸드/드링크');
-- INSERT INTO category_small (CATEGORY_NAME, CATEGORY_LARGE_ID) VALUES ('맛집투어', 3);
-- INSERT INTO category_small (CATEGORY_NAME, CATEGORY_LARGE_ID) VALUES ('카페', 3);
-- INSERT INTO category_small (CATEGORY_NAME, CATEGORY_LARGE_ID) VALUES ('와인', 3);
-- INSERT INTO category_small (CATEGORY_NAME, CATEGORY_LARGE_ID) VALUES ('커피', 3);
-- INSERT INTO category_small (CATEGORY_NAME, CATEGORY_LARGE_ID) VALUES ('디저트', 3);
--
-- -- 소분류 데이터 십입 : 취미
-- INSERT INTO category_large (CATEGORY_LARGE_ID, CATEGORY_NAME) VALUES (4, '취미');
-- INSERT INTO category_small (CATEGORY_NAME, CATEGORY_LARGE_ID) VALUES ('보드게임', 4);
-- INSERT INTO category_small (CATEGORY_NAME, CATEGORY_LARGE_ID) VALUES ('사진', 4);
-- INSERT INTO category_small (CATEGORY_NAME, CATEGORY_LARGE_ID) VALUES ('방탈출', 4);
-- INSERT INTO category_small (CATEGORY_NAME, CATEGORY_LARGE_ID) VALUES ('VR', 4);
-- INSERT INTO category_small (CATEGORY_NAME, CATEGORY_LARGE_ID) VALUES ('음악감상', 4);
--
-- -- 소분류 데이터 십입 : 여행/동행
-- INSERT INTO category_large (CATEGORY_LARGE_ID, CATEGORY_NAME) VALUES (5, '여행/동행');
-- INSERT INTO category_small (CATEGORY_NAME, CATEGORY_LARGE_ID) VALUES ('복합문화공간', 5);
-- INSERT INTO category_small (CATEGORY_NAME, CATEGORY_LARGE_ID) VALUES ('테마파크', 5);
-- INSERT INTO category_small (CATEGORY_NAME, CATEGORY_LARGE_ID) VALUES ('피크닉', 5);
-- INSERT INTO category_small (CATEGORY_NAME, CATEGORY_LARGE_ID) VALUES ('드라이브', 5);
-- INSERT INTO category_small (CATEGORY_NAME, CATEGORY_LARGE_ID) VALUES ('캠핑', 5);
--
-- -- 소분류 데이터 십입 : 창작
-- INSERT INTO category_large (CATEGORY_LARGE_ID, CATEGORY_NAME) VALUES (6, '창작');
-- INSERT INTO category_small (CATEGORY_NAME, CATEGORY_LARGE_ID) VALUES ('글쓰기', 6);
-- INSERT INTO category_small (CATEGORY_NAME, CATEGORY_LARGE_ID) VALUES ('드로잉', 6);
-- INSERT INTO category_small (CATEGORY_NAME, CATEGORY_LARGE_ID) VALUES ('영상편집', 6);
-- INSERT INTO category_small (CATEGORY_NAME, CATEGORY_LARGE_ID) VALUES ('공예', 6);
-- INSERT INTO category_small (CATEGORY_NAME, CATEGORY_LARGE_ID) VALUES ('DIY', 6);
--
-- -- 소분류 데이터 십입 : 성장/자기계발
-- INSERT INTO category_large (CATEGORY_LARGE_ID, CATEGORY_NAME) VALUES (7, '성장/자기계발');
-- INSERT INTO category_small (CATEGORY_NAME, CATEGORY_LARGE_ID) VALUES ('습관만들기', 7);
-- INSERT INTO category_small (CATEGORY_NAME, CATEGORY_LARGE_ID) VALUES ('챌린지', 7);
-- INSERT INTO category_small (CATEGORY_NAME, CATEGORY_LARGE_ID) VALUES ('독서', 7);
-- INSERT INTO category_small (CATEGORY_NAME, CATEGORY_LARGE_ID) VALUES ('스터디', 7);
-- INSERT INTO category_small (CATEGORY_NAME, CATEGORY_LARGE_ID) VALUES ('외국어', 7);
--
--
-- -- DUMMY FILE DATA
-- INSERT INTO file_info (FILE_NAME, FILE_URL) VALUES ('6f536ea2-2fea-4461-bbdc-be6c50670948.jpg', '/images/member_profile');
-- INSERT INTO file_info (FILE_NAME, FILE_URL) VALUES ('a7d3fdeeac6c9538b4b1372efa839e27631e284.jpeg', '/images/member_profile');
-- INSERT INTO file_info (FILE_NAME, FILE_URL) VALUES ('62f53f01011aae983040bf619e8df38f8584.jpeg', '/images/member_profile');
-- INSERT INTO file_info (FILE_NAME, FILE_URL) VALUES ('7de0ba57-31ed-4f37-be6b-3cd39c4cef37.jpg', '/images/member_profile');
-- INSERT INTO file_info (FILE_NAME, FILE_URL) VALUES ('4e512441-3121-ab12-adaa-ad6c1a3b3315.png', '/images/member_profile');
-- INSERT INTO file_info (FILE_NAME, FILE_URL) VALUES ('4b943b88-9ee0-4fc6-9573-156e4c174c02.jpeg', '/images/member_profile');
-- INSERT INTO file_info (FILE_NAME, FILE_URL) VALUES ('b68c4466-d30a-4d1c-a25d-d487138233bf.jpg', '/images/member_profile');
-- INSERT INTO file_info (FILE_NAME, FILE_URL) VALUES ('9a980a2e-eb48-46f1-9017-4507ae8a2295.jpg', '/images/member_profile');
-- INSERT INTO file_info (FILE_NAME, FILE_URL) VALUES ('a2539b14-5944-4932-bc34-a9e8838e2faf.jpeg', '/images/member_profile');
-- INSERT INTO file_info (FILE_NAME, FILE_URL) VALUES ('a8221984-27b5-4257-8223-86ab40d74f11.jpeg', '/images/member_profile');
-- INSERT INTO file_info (FILE_NAME, FILE_URL) VALUES ('32B8C166-4B31-43C7-BD03-17B531C67AF1.jpg', '/images/club_banner');
-- INSERT INTO file_info (FILE_NAME, FILE_URL) VALUES ('41F7A8AF-7421-4D34-AB5D-99A8AA5D81FE.jpeg', '/images/club_banner');
-- INSERT INTO file_info (FILE_NAME, FILE_URL) VALUES ('7F6FA4B6-4CB2-4562-A4E6-640D03889CEC.jpg', '/images/club_banner');
-- INSERT INTO file_info (FILE_NAME, FILE_URL) VALUES ('B2460D88-C752-42A6-A3E2-FB9D26199EA6.jpeg', '/images/club_banner');
-- INSERT INTO file_info (FILE_NAME, FILE_URL) VALUES ('9ABB4E0A-0AA1-4E9F-A624-EE90D09E4671.png', '/images/club_banner');
-- INSERT INTO file_info (FILE_NAME, FILE_URL) VALUES ('B79AD0E6-8907-473B-A429-1B8D6E6F51C6.png', '/images/club_banner');
-- INSERT INTO file_info (FILE_NAME, FILE_URL) VALUES ('1A69CAA6-137E-4364-A7DA-FC9933A35733.jpeg', '/images/club_banner');
-- INSERT INTO file_info (FILE_NAME, FILE_URL) VALUES ('59C6A1CF-AC36-4730-9289-639B75F8D00A.jpeg', '/images/club_banner');
-- INSERT INTO file_info (FILE_NAME, FILE_URL) VALUES ('B667A6E0-AD24-4C74-83F8-F0199F9F430B.jpg', '/images/club_banner');
-- INSERT INTO file_info (FILE_NAME, FILE_URL) VALUES ('02474D42-A311-4A38-B891-A666EDF92453.jpg', '/images/club_banner');
-- INSERT INTO file_info (FILE_NAME, FILE_URL) VALUES ('D7E28533-0CDA-46C0-8B0E-47D2B589891F.jpg', '/images/club_banner');
-- INSERT INTO file_info (FILE_NAME, FILE_URL) VALUES ('606FB6C9-085D-45BA-BF5A-855FC3FBDD8E .jpg', '/images/club_banner');
-- INSERT INTO file_info (FILE_NAME, FILE_URL) VALUES ('08955FD6-334E-4571-AD6B-42B0CCBE2E99.jpg', '/images/club_banner');
-- INSERT INTO file_info (FILE_NAME, FILE_URL) VALUES ('54A3DFB0-0B49-4955-B652-30B38ED8AA99.jpg', '/images/club_banner');
-- INSERT INTO file_info (FILE_NAME, FILE_URL) VALUES ('21F8479D-6175-4A0B-97D1-8F7F0E9F4DA8.jpg', '/images/club_banner');
-- INSERT INTO file_info (FILE_NAME, FILE_URL) VALUES ('C39D2920-9D25-4F1E-8D4E-06FEC05E6EDB.png', '/images/club_banner');
-- INSERT INTO file_info (FILE_NAME, FILE_URL) VALUES ('1CE528A1-EB94-488A-8099-0F01C2B651C6.jpg', '/images/club_banner');
-- INSERT INTO file_info (FILE_NAME, FILE_URL) VALUES ('D9E8B0EC-AE0A-476A-A3B8-4E3E2C8A86DB.png', '/images/club_banner');
-- INSERT INTO file_info (FILE_NAME, FILE_URL) VALUES ('35037795-8BC7-49E9-98F5-3B4C91A958B6.jpg', '/images/club_banner');
-- INSERT INTO file_info (FILE_NAME, FILE_URL) VALUES ('A5F791AE-5A5F-409F-8D8B-EDF03546A9DC.jpg', '/images/club_banner');
-- INSERT INTO file_info (FILE_NAME, FILE_URL) VALUES ('D314C976-9B63-4965-9096-FCBF4074A9F1.jpg', '/images/club_banner');
-- INSERT INTO file_info (FILE_NAME, FILE_URL) VALUES ('7F1A7F5B-8C42-482C-99DB-8FCB45B0932D.jpeg', '/images/club_banner');
-- INSERT INTO file_info (FILE_NAME, FILE_URL) VALUES ('8F55DFEA-AE20-4F4B-9A5D-EA5B3A1B9E28.jpg', '/images/club_banner');
-- INSERT INTO file_info (FILE_NAME, FILE_URL) VALUES ('14E14FB0-05DE-47F8-995A-0724964AC626.jpg', '/images/club_banner');
-- INSERT INTO file_info (FILE_NAME, FILE_URL) VALUES ('DCF97076-CBD4-454E-970C-27925674D665.jpg', '/images/club_banner');
-- INSERT INTO file_info (FILE_NAME, FILE_URL) VALUES ('C49F707C-DB0E-440D-B17B-49964416444B.jpg', '/images/club_banner');
-- INSERT INTO file_info (FILE_NAME, FILE_URL) VALUES ('2A11CED7-F6B5-4473-8C64-FF16D6A36D59.jpeg', '/images/club_banner');
-- INSERT INTO file_info (FILE_NAME, FILE_URL) VALUES ('EFAF900D-F49F-407B-9585-671B11371B6D.jpg', '/images/club_banner');
-- INSERT INTO file_info (FILE_NAME, FILE_URL) VALUES ('7F7FCA65-B675-4410-8ADC-47697CDF1E59.jpg', '/images/club_banner');
-- INSERT INTO file_info (FILE_NAME, FILE_URL) VALUES ('B93897C2-881D-4731-A261-B3D47EA62A50.jpg', '/images/club_banner');
-- INSERT INTO file_info (FILE_NAME, FILE_URL) VALUES ('5E722CD8-0D1F-472F-AF2A-E53519C30719.jpeg', '/images/club_banner');
-- INSERT INTO file_info (FILE_NAME, FILE_URL) VALUES ('C299D2D0-DA00-4C5E-911B-5ECDEC6E3520.jpg', '/images/club_banner');
-- INSERT INTO file_info (FILE_NAME, FILE_URL) VALUES ('62AF4C69-AA42-410A-8E5F-330267211688.jpeg', '/images/club_banner');
-- INSERT INTO file_info (FILE_NAME, FILE_URL) VALUES ('E32E7880-6131-44F4-8844-60D0DC7B952E.png', '/images/club_banner');
-- INSERT INTO file_info (FILE_NAME, FILE_URL) VALUES ('FE57C011-186C-4BAA-B110-A04F8910B796.png', '/images/club_banner');
--
-- -- DUMMY USER
-- INSERT INTO member (EMAIL, PASSWORD, NICKNAME, MEMBER_STATUS, BIRTH_YEAR, REPUTATION, FILE_INFO_ID)
-- VALUES ('admin_test@hello.com', '{bcrypt}$2a$10$ABAABZhKO6b.igytRYCM/untHs3dFIy6fu8knBKZnuzgN.qERHNaG', 'admin', 'ACTIVE', 2000, 200, 1);
-- INSERT INTO member (EMAIL, PASSWORD, NICKNAME, MEMBER_STATUS, BIRTH_YEAR, REPUTATION, FILE_INFO_ID)
-- VALUES ('user_test@hello.com', '{bcrypt}$2a$10$ABAABZhKO6b.igytRYCM/untHs3dFIy6fu8knBKZnuzgN.qERHNaG', 'user', 'ACTIVE', 2000, 100, 2);
-- INSERT INTO member (EMAIL, PASSWORD, NICKNAME, MEMBER_STATUS, BIRTH_YEAR, ABOUT_ME, REPUTATION, FILE_INFO_ID)
-- VALUES ('kinstub1@hello.com', '{bcrypt}$2a$10$ABAABZhKO6b.igytRYCM/untHs3dFIy6fu8knBKZnuzgN.qERHNaG', 'kimstub1', 'ACTIVE', 1995,'kimstub1의 자기소개 뿌잉뿌잉', 10, 3);
--
--
-- INSERT INTO member (EMAIL, PASSWORD, NICKNAME, MEMBER_STATUS, BIRTH_YEAR, ABOUT_ME, REPUTATION, FILE_INFO_ID)
-- VALUES ('egg_kim@hello.com', '{bcrypt}$2a$10$ABAABZhKO6b.igytRYCM/untHs3dFIy6fu8knBKZnuzgN.qERHNaG', '김계란', 'ACTIVE', 1989,'안녕 친구들~! 빡빡이 아조씨야!', 36, 4);
-- INSERT INTO member (EMAIL, PASSWORD, NICKNAME, MEMBER_STATUS, BIRTH_YEAR, ABOUT_ME, REPUTATION, FILE_INFO_ID)
-- VALUES ('pikachu@hello.com', '{bcrypt}$2a$10$ABAABZhKO6b.igytRYCM/untHs3dFIy6fu8knBKZnuzgN.qERHNaG', '삐까츄', 'ACTIVE', 2000,'피카츄, 라이츄, 파이리, 꼬부기, 버터풀, 야도란, 피죤투, 또가스. 서로 생긴 모습은 달라도 우리는 모두 친구~', 15, 5);
-- INSERT INTO member (EMAIL, PASSWORD, NICKNAME, MEMBER_STATUS, BIRTH_YEAR, ABOUT_ME, REPUTATION, FILE_INFO_ID)
-- VALUES ('pigpig@hello.com', '{bcrypt}$2a$10$ABAABZhKO6b.igytRYCM/untHs3dFIy6fu8knBKZnuzgN.qERHNaG', '리본돼지', 'ACTIVE', 2020,'배고픈 돼지는 길을 잃지 않습니다.', 88, 6);
-- INSERT INTO member (EMAIL, PASSWORD, NICKNAME, MEMBER_STATUS, BIRTH_YEAR, ABOUT_ME, REPUTATION, FILE_INFO_ID)
-- VALUES ('newjeans_minji@hello.com', '{bcrypt}$2a$10$ABAABZhKO6b.igytRYCM/untHs3dFIy6fu8knBKZnuzgN.qERHNaG', 'NewJeans', 'ACTIVE', 2020,'저는... 뉴진스 하입보이요!!!', 12, 7);
-- INSERT INTO member (EMAIL, PASSWORD, NICKNAME, MEMBER_STATUS, BIRTH_YEAR, ABOUT_ME, REPUTATION, FILE_INFO_ID)
-- VALUES ('panibottle@hello.com', '{bcrypt}$2a$10$ABAABZhKO6b.igytRYCM/untHs3dFIy6fu8knBKZnuzgN.qERHNaG', 'PaniBottle', 'ACTIVE', 1987,'여행합니다.', 12, 8);
-- INSERT INTO member (EMAIL, PASSWORD, NICKNAME, MEMBER_STATUS, BIRTH_YEAR, ABOUT_ME, REPUTATION, FILE_INFO_ID)
-- VALUES ('cat@hello.com', '{bcrypt}$2a$10$ABAABZhKO6b.igytRYCM/untHs3dFIy6fu8knBKZnuzgN.qERHNaG', 'Cat', 'ACTIVE', 1987,'냥냥냥냥냥냥냥냥냥냥냥냥냥냥냥냥냥냥냥냥냥냥냥냥냥냥냥냥냥냥냥냥냥냥냥냥냥냥냥냥냥냥냥냥냥냥냥냥냥냥냥냥냥냥냥냥냥냥냥냥냥냥냥냥냥냥냥냥냥냥냥냥냥냥냥냥냥냥냥냥냥냥냥냥냥냥냥냥냥냥냥냥냥냥냥냥냥냥냥냥냥냥냥냥냥냥냥냥냥냥냥냥냥냥냥냥냥냥냥냥냥냥냥냥냥냥냥', 99, 9);
-- INSERT INTO member (EMAIL, PASSWORD, NICKNAME, MEMBER_STATUS, BIRTH_YEAR, ABOUT_ME, REPUTATION, FILE_INFO_ID)
-- VALUES ('slamdunk@hello.com', '{bcrypt}$2a$10$ABAABZhKO6b.igytRYCM/untHs3dFIy6fu8knBKZnuzgN.qERHNaG', '강백호', 'ACTIVE', 1987,'', 99, 10);
--
-- -- DUMMY USER ROLE
-- INSERT INTO member_roles (MEMBER_MEMBER_ID, ROLES) VALUES (1, 'ADMIN');
-- INSERT INTO member_roles (MEMBER_MEMBER_ID, ROLES) VALUES (1, 'USER');
-- INSERT INTO member_roles (MEMBER_MEMBER_ID, ROLES) VALUES (2, 'USER');
-- INSERT INTO member_roles (MEMBER_MEMBER_ID, ROLES) VALUES (3, 'USER');
-- INSERT INTO member_roles (MEMBER_MEMBER_ID, ROLES) VALUES (4, 'USER');
-- INSERT INTO member_roles (MEMBER_MEMBER_ID, ROLES) VALUES (5, 'USER');
-- INSERT INTO member_roles (MEMBER_MEMBER_ID, ROLES) VALUES (6, 'USER');
-- INSERT INTO member_roles (MEMBER_MEMBER_ID, ROLES) VALUES (7, 'USER');
-- INSERT INTO member_roles (MEMBER_MEMBER_ID, ROLES) VALUES (8, 'USER');
-- INSERT INTO member_roles (MEMBER_MEMBER_ID, ROLES) VALUES (9, 'USER');
-- INSERT INTO member_roles (MEMBER_MEMBER_ID, ROLES) VALUES (10, 'USER');
--
-- -- DUMMY USER MEMBER_CATEGORY
-- INSERT INTO member_category (MEMBER_ID, CATEGORY_SMALL_ID) VALUES (1,4);
-- INSERT INTO member_category (MEMBER_ID, CATEGORY_SMALL_ID) VALUES (1,16);
-- INSERT INTO member_category (MEMBER_ID, CATEGORY_SMALL_ID) VALUES (1,25);
-- INSERT INTO member_category (MEMBER_ID, CATEGORY_SMALL_ID) VALUES (1,33);
--
-- INSERT INTO member_category (MEMBER_ID, CATEGORY_SMALL_ID) VALUES (2,1);
-- INSERT INTO member_category (MEMBER_ID, CATEGORY_SMALL_ID) VALUES (2,7);
-- INSERT INTO member_category (MEMBER_ID, CATEGORY_SMALL_ID) VALUES (2,19);
-- INSERT INTO member_category (MEMBER_ID, CATEGORY_SMALL_ID) VALUES (2,21);
--
-- INSERT INTO member_category (MEMBER_ID, CATEGORY_SMALL_ID) VALUES (3,7);
-- INSERT INTO member_category (MEMBER_ID, CATEGORY_SMALL_ID) VALUES (3,13);
--
-- -- DUMMY CLUB DATA 35개
-- INSERT INTO club (CLUB_NAME, CLUB_INFO, MEMBER_LIMIT, FEE, JOIN_METHOD, BIRTH_YEAR_MIN, BIRTH_YEAR_MAX, GENDER_RESTRICTION,
--                   MEETING_DATE, MEETING_TIME, IS_ONLINE, LOCATION, JOIN_QUESTION, CLUB_STATUS,CATEGORY_SMALL_ID, FILE_INFO_ID, HOST_ID)
-- VALUES ('코엑스 전시회 가실분 찾습니다', '즐거운 아지트 입니다! 모두들 어서 오세요.', 3, 5000, 'APPROVAL', '1990', '2010', 'ALL', curdate(),
--         '23:59:00', 'offline', '서울시 강남구 삼성동', '늦지말고 참여해주세요~', 'CLUB_ACTIVE', 1, 11, 5);
-- INSERT INTO club (CLUB_NAME, CLUB_INFO, MEMBER_LIMIT, FEE, JOIN_METHOD, BIRTH_YEAR_MIN, BIRTH_YEAR_MAX, GENDER_RESTRICTION,
--                   MEETING_DATE, MEETING_TIME, IS_ONLINE, LOCATION, JOIN_QUESTION, CLUB_STATUS,CATEGORY_SMALL_ID, FILE_INFO_ID, HOST_ID)
-- VALUES ('포켓몬스터 극장판 고고고', '신나는 아지트 입니다! 모두들 어서 오세요.', 4, 5000, 'APPROVAL', '1990', '2010', 'MALE_ONLY', curdate()+1,
--         '23:59:00', 'offline', '서울시 강남구', '늦지말고 참여해주세요~', 'CLUB_ACTIVE', 2, 12, 5);
-- INSERT INTO club (CLUB_NAME, CLUB_INFO, MEMBER_LIMIT, FEE, JOIN_METHOD, BIRTH_YEAR_MIN, BIRTH_YEAR_MAX, GENDER_RESTRICTION,
--                   MEETING_DATE, MEETING_TIME, IS_ONLINE, LOCATION, JOIN_QUESTION, CLUB_STATUS,CATEGORY_SMALL_ID, FILE_INFO_ID, HOST_ID)
-- VALUES ('올해 최고의 기대작은 오페라의 유령', '행복한 아지트 입니다! 모두들 어서 오세요.', 5, 5000, 'APPROVAL', '1990', '2010', 'ALL', curdate()+2,
--         '23:59:00', 'offline', '서울시 강남구', '늦지말고 참여해주세요~', 'CLUB_ACTIVE', 3, 13, 5);
-- INSERT INTO club (CLUB_NAME, CLUB_INFO, MEMBER_LIMIT, FEE, JOIN_METHOD, BIRTH_YEAR_MIN, BIRTH_YEAR_MAX, GENDER_RESTRICTION,
--                   MEETING_DATE, MEETING_TIME, IS_ONLINE, LOCATION, JOIN_QUESTION, CLUB_STATUS,CATEGORY_SMALL_ID, FILE_INFO_ID, HOST_ID)
-- VALUES ('포켓몬스터 재롱찬치 열어여~', '좋은 아지트 입니다! 모두들 어서 오세요.', 6, 5000, 'APPROVAL', '1990', '2010', 'FEMALE_ONLY', curdate()+3,
--         '23:59:00', 'online', null, '늦지말고 참여해주세요~', 'CLUB_ACTIVE', 4, 14, 5);
-- INSERT INTO club (CLUB_NAME, CLUB_INFO, MEMBER_LIMIT, FEE, JOIN_METHOD, BIRTH_YEAR_MIN, BIRTH_YEAR_MAX, GENDER_RESTRICTION,
--                   MEETING_DATE, MEETING_TIME, IS_ONLINE, LOCATION, JOIN_QUESTION, CLUB_STATUS,CATEGORY_SMALL_ID, FILE_INFO_ID, HOST_ID)
-- VALUES ('포켓볼 디자인 연구실', '재밌는 아지트 입니다! 모두들 어서 오세요.', 7, 5000, 'APPROVAL', '1990', '2010', 'ALL', curdate()+4,
--         '23:59:00', 'offline', '서울시 강남구', '늦지말고 참여해주세요~', 'CLUB_ACTIVE', 5, 15, 5);
-- INSERT INTO club (CLUB_NAME, CLUB_INFO, MEMBER_LIMIT, FEE, JOIN_METHOD, BIRTH_YEAR_MIN, BIRTH_YEAR_MAX, GENDER_RESTRICTION,
--                   MEETING_DATE, MEETING_TIME, IS_ONLINE, LOCATION, JOIN_QUESTION, CLUB_STATUS,CATEGORY_SMALL_ID, FILE_INFO_ID, HOST_ID)
-- VALUES ('빡빡이 아저씨와 함께하는 클라이밍', '착한 아지트 입니다! 모두들 어서 오세요.', 8, 5000, 'APPROVAL', '1990', '2010', 'FEMALE_ONLY', curdate()+4,
--         '23:59:00', 'offline', '서울시 강남구', '늦지말고 참여해주세요~', 'CLUB_ACTIVE', 6, 16, 4);
-- INSERT INTO club (CLUB_NAME, CLUB_INFO, MEMBER_LIMIT, FEE, JOIN_METHOD, BIRTH_YEAR_MIN, BIRTH_YEAR_MAX, GENDER_RESTRICTION,
--                   MEETING_DATE, MEETING_TIME, IS_ONLINE, LOCATION, JOIN_QUESTION, CLUB_STATUS,CATEGORY_SMALL_ID, FILE_INFO_ID, HOST_ID)
-- VALUES ('관악산 산악구보 달리러 오세요', '보고싶은 아지트 입니다! 모두들 어서 오세요.', 9, 5000, 'APPROVAL', '1990', '2010', 'ALL', curdate(),
--         '23:59:00', 'offline', '서울시 강남구', '늦지말고 참여해주세요~', 'CLUB_ACTIVE', 7, 17, 4);
-- INSERT INTO club (CLUB_NAME, CLUB_INFO, MEMBER_LIMIT, FEE, JOIN_METHOD, BIRTH_YEAR_MIN, BIRTH_YEAR_MAX, GENDER_RESTRICTION,
--                   MEETING_DATE, MEETING_TIME, IS_ONLINE, LOCATION, JOIN_QUESTION, CLUB_STATUS,CATEGORY_SMALL_ID, FILE_INFO_ID, HOST_ID)
-- VALUES ('3대 500 이하 클릭 금지', '즐거운 아지트 입니다! 모두들 어서 오세요.', 10, 5000, 'APPROVAL', '1990', '2010', 'MALE_ONLY', curdate()+1,
--         '23:59:00', 'offline', '서울시 강남구', '늦지말고 참여해주세요~', 'CLUB_ACTIVE', 8, 18, 4);
-- INSERT INTO club (CLUB_NAME, CLUB_INFO, MEMBER_LIMIT, FEE, JOIN_METHOD, BIRTH_YEAR_MIN, BIRTH_YEAR_MAX, GENDER_RESTRICTION,
--                   MEETING_DATE, MEETING_TIME, IS_ONLINE, LOCATION, JOIN_QUESTION, CLUB_STATUS,CATEGORY_SMALL_ID, FILE_INFO_ID, HOST_ID)
-- VALUES ('필라테스도 운동입니다.', '재밌는 아지트 입니다! 모두들 어서 오세요.', 11, 5000, 'APPROVAL', '1990', '2010', 'ALL', curdate()+2,
--         '23:59:00', 'offline', '서울시 강남구', '늦지말고 참여해주세요~', 'CLUB_ACTIVE', 9, 19, 4);
-- INSERT INTO club (CLUB_NAME, CLUB_INFO, MEMBER_LIMIT, FEE, JOIN_METHOD, BIRTH_YEAR_MIN, BIRTH_YEAR_MAX, GENDER_RESTRICTION,
--                   MEETING_DATE, MEETING_TIME, IS_ONLINE, LOCATION, JOIN_QUESTION, CLUB_STATUS,CATEGORY_SMALL_ID, FILE_INFO_ID, HOST_ID)
-- VALUES ('골프장 가서 3대 운동 하실분', '행복한 아지트 입니다! 모두들 어서 오세요.', 12, 5000, 'APPROVAL', '1990', '2010', 'MALE_ONLY', curdate()+3,
--         '23:59:00', 'offline', '서울시 강남구', '늦지말고 참여해주세요~', 'CLUB_ACTIVE', 10, 20, 4);
-- INSERT INTO club (CLUB_NAME, CLUB_INFO, MEMBER_LIMIT, FEE, JOIN_METHOD, BIRTH_YEAR_MIN, BIRTH_YEAR_MAX, GENDER_RESTRICTION,
--                   MEETING_DATE, MEETING_TIME, IS_ONLINE, LOCATION, JOIN_QUESTION, CLUB_STATUS,CATEGORY_SMALL_ID, FILE_INFO_ID, HOST_ID)
-- VALUES ('부지런한 돼지가 웨이팅 없이 맛집 성공한다', '정겨운 아지트 입니다! 모두들 어서 오세요.', 13, 5000, 'APPROVAL', '1990', '2010', 'ALL', curdate()+4,
--         '23:59:00', 'online', null, '늦지말고 참여해주세요~', 'CLUB_ACTIVE', 11, 21, 6);
-- INSERT INTO club (CLUB_NAME, CLUB_INFO, MEMBER_LIMIT, FEE, JOIN_METHOD, BIRTH_YEAR_MIN, BIRTH_YEAR_MAX, GENDER_RESTRICTION,
--                   MEETING_DATE, MEETING_TIME, IS_ONLINE, LOCATION, JOIN_QUESTION, CLUB_STATUS,CATEGORY_SMALL_ID, FILE_INFO_ID, HOST_ID)
-- VALUES ('디저트를 식사처럼 하는 사람 봤나요?', '신나는 아지트 입니다! 모두들 어서 오세요.', 7, 5000, 'APPROVAL', '1990', '2010', 'ALL', curdate()+4,
--         '23:59:00', 'offline', '서울시 강남구', '늦지말고 참여해주세요~', 'CLUB_ACTIVE', 12, 22, 6);
-- INSERT INTO club (CLUB_NAME, CLUB_INFO, MEMBER_LIMIT, FEE, JOIN_METHOD, BIRTH_YEAR_MIN, BIRTH_YEAR_MAX, GENDER_RESTRICTION,
--                   MEETING_DATE, MEETING_TIME, IS_ONLINE, LOCATION, JOIN_QUESTION, CLUB_STATUS,CATEGORY_SMALL_ID, FILE_INFO_ID, HOST_ID)
-- VALUES ('와인 배우면서 마실분 찾습니다', '좋은 아지트 입니다! 모두들 어서 오세요.', 14, 5000, 'APPROVAL', '1990', '2010', 'FEMALE_ONLY', curdate(),
--         '23:59:00', 'offline', '서울시 강남구', '늦지말고 참여해주세요~', 'CLUB_ACTIVE', 13, 23, 6);
-- INSERT INTO club (CLUB_NAME, CLUB_INFO, MEMBER_LIMIT, FEE, JOIN_METHOD, BIRTH_YEAR_MIN, BIRTH_YEAR_MAX, GENDER_RESTRICTION,
--                   MEETING_DATE, MEETING_TIME, IS_ONLINE, LOCATION, JOIN_QUESTION, CLUB_STATUS,CATEGORY_SMALL_ID, FILE_INFO_ID, HOST_ID)
-- VALUES ('커피 먹으면서 디저트 뿌실분 모여라', '정겨운 아지트 입니다! 모두들 어서 오세요.', 15, 5000, 'APPROVAL', '1990', '2010', 'MALE_ONLY', curdate()+1,
--         '23:59:00', 'offline', '서울시 강남구', '늦지말고 참여해주세요~', 'CLUB_ACTIVE', 14, 24, 6);
-- INSERT INTO club (CLUB_NAME, CLUB_INFO, MEMBER_LIMIT, FEE, JOIN_METHOD, BIRTH_YEAR_MIN, BIRTH_YEAR_MAX, GENDER_RESTRICTION,
--                   MEETING_DATE, MEETING_TIME, IS_ONLINE, LOCATION, JOIN_QUESTION, CLUB_STATUS,CATEGORY_SMALL_ID, FILE_INFO_ID, HOST_ID)
-- VALUES ('수플레 어디가 맛잇나요?', '맛있는 아지트 입니다! 모두들 어서 오세요.', 16, 5000, 'APPROVAL', '1990', '2010', 'FEMALE_ONLY', curdate()+2,
--         '23:59:00', 'offline', '서울시 강남구', '늦지말고 참여해주세요~', 'CLUB_ACTIVE', 15, 25, 6);
-- INSERT INTO club (CLUB_NAME, CLUB_INFO, MEMBER_LIMIT, FEE, JOIN_METHOD, BIRTH_YEAR_MIN, BIRTH_YEAR_MAX, GENDER_RESTRICTION,
--                   MEETING_DATE, MEETING_TIME, IS_ONLINE, LOCATION, JOIN_QUESTION, CLUB_STATUS,CATEGORY_SMALL_ID, FILE_INFO_ID, HOST_ID)
-- VALUES ('루미큐브 좀 치는 사람만', '행복한 아지트 입니다! 모두들 어서 오세요.', 7, 5000, 'APPROVAL', '1990', '2010', 'FEMALE_ONLY', curdate()+3,
--         '23:59:00', 'offline', '서울시 강남구', '늦지말고 참여해주세요~', 'CLUB_ACTIVE', 16, 26, 7);
-- INSERT INTO club (CLUB_NAME, CLUB_INFO, MEMBER_LIMIT, FEE, JOIN_METHOD, BIRTH_YEAR_MIN, BIRTH_YEAR_MAX, GENDER_RESTRICTION,
--                   MEETING_DATE, MEETING_TIME, IS_ONLINE, LOCATION, JOIN_QUESTION, CLUB_STATUS,CATEGORY_SMALL_ID, FILE_INFO_ID, HOST_ID)
-- VALUES ('아름다운것은 눈이 아닌 마음으로 담는 것이다', '재밌는 아지트 입니다! 모두들 어서 오세요.', 17, 5000, 'APPROVAL', '1990', '2010', 'MALE_ONLY', curdate()+4,
--         '23:59:00', 'offline', '서울시 강남구', '늦지말고 참여해주세요~', 'CLUB_ACTIVE', 17, 27, 7);
-- INSERT INTO club (CLUB_NAME, CLUB_INFO, MEMBER_LIMIT, FEE, JOIN_METHOD, BIRTH_YEAR_MIN, BIRTH_YEAR_MAX, GENDER_RESTRICTION,
--                   MEETING_DATE, MEETING_TIME, IS_ONLINE, LOCATION, JOIN_QUESTION, CLUB_STATUS,CATEGORY_SMALL_ID, FILE_INFO_ID, HOST_ID)
-- VALUES ('무인도 탈출 챌린지입니다. 각오하고 오세요.', '즐거운 아지트 입니다! 모두들 어서 오세요.', 18, 5000, 'APPROVAL', '1990', '2010', 'ALL', curdate()+4,
--         '23:59:00', 'offline', '서울시 강남구', '늦지말고 참여해주세요~', 'CLUB_ACTIVE', 18, 28, 7);
-- INSERT INTO club (CLUB_NAME, CLUB_INFO, MEMBER_LIMIT, FEE, JOIN_METHOD, BIRTH_YEAR_MIN, BIRTH_YEAR_MAX, GENDER_RESTRICTION,
--                   MEETING_DATE, MEETING_TIME, IS_ONLINE, LOCATION, JOIN_QUESTION, CLUB_STATUS,CATEGORY_SMALL_ID, FILE_INFO_ID, HOST_ID)
-- VALUES ('메타버스 세상으로 오세요~', '즐거운 아지트 입니다! 모두들 어서 오세요.', 19, 5000, 'APPROVAL', '1990', '2010', 'MALE_ONLY', curdate(),
--         '23:59:00', 'online', null, '늦지말고 참여해주세요~', 'CLUB_ACTIVE', 19, 29, 7);
-- INSERT INTO club (CLUB_NAME, CLUB_INFO, MEMBER_LIMIT, FEE, JOIN_METHOD, BIRTH_YEAR_MIN, BIRTH_YEAR_MAX, GENDER_RESTRICTION,
--                   MEETING_DATE, MEETING_TIME, IS_ONLINE, LOCATION, JOIN_QUESTION, CLUB_STATUS,CATEGORY_SMALL_ID, FILE_INFO_ID, HOST_ID)
-- VALUES ('베토벤 교향곡 제 5번 감상회', '신나는 아지트 입니다! 모두들 어서 오세요.', 20, 5000, 'APPROVAL', '1990', '2010', 'ALL', curdate()+1,
--         '23:59:00', 'offline', '서울시 강남구', '늦지말고 참여해주세요~', 'CLUB_ACTIVE', 20, 30, 7);
-- INSERT INTO club (CLUB_NAME, CLUB_INFO, MEMBER_LIMIT, FEE, JOIN_METHOD, BIRTH_YEAR_MIN, BIRTH_YEAR_MAX, GENDER_RESTRICTION,
--                   MEETING_DATE, MEETING_TIME, IS_ONLINE, LOCATION, JOIN_QUESTION, CLUB_STATUS,CATEGORY_SMALL_ID, FILE_INFO_ID, HOST_ID)
-- VALUES ('아 여행가고싶다...', '정겨운 아지트 입니다! 모두들 어서 오세요.', 3, 5000, 'APPROVAL', '1990', '2010', 'FEMALE_ONLY', curdate()+2,
--         '23:59:00', 'offline', '서울시 강남구', '늦지말고 참여해주세요~', 'CLUB_ACTIVE', 21, 31, 8);
-- INSERT INTO club (CLUB_NAME, CLUB_INFO, MEMBER_LIMIT, FEE, JOIN_METHOD, BIRTH_YEAR_MIN, BIRTH_YEAR_MAX, GENDER_RESTRICTION,
--                   MEETING_DATE, MEETING_TIME, IS_ONLINE, LOCATION, JOIN_QUESTION, CLUB_STATUS,CATEGORY_SMALL_ID, FILE_INFO_ID, HOST_ID)
-- VALUES ('에버랜드 기린 보러 갈 사람들?', '보고싶은 아지트 입니다! 모두들 어서 오세요.', 4, 5000, 'APPROVAL', '1990', '2010', 'ALL', curdate()+3,
--         '23:59:00', 'offline', '서울시 강남구', '늦지말고 참여해주세요~', 'CLUB_ACTIVE', 22, 32, 8);
-- INSERT INTO club (CLUB_NAME, CLUB_INFO, MEMBER_LIMIT, FEE, JOIN_METHOD, BIRTH_YEAR_MIN, BIRTH_YEAR_MAX, GENDER_RESTRICTION,
--                   MEETING_DATE, MEETING_TIME, IS_ONLINE, LOCATION, JOIN_QUESTION, CLUB_STATUS,CATEGORY_SMALL_ID, FILE_INFO_ID, HOST_ID)
-- VALUES ('한강에서 혹한기 피크닉 고고!', '재밌는 아지트 입니다! 모두들 어서 오세요.', 5, 5000, 'APPROVAL', '1990', '2010', 'MALE_ONLY', curdate()+4,
--         '23:59:00', 'offline', '서울시 강남구', '늦지말고 참여해주세요~', 'CLUB_ACTIVE', 23, 33, 8);
-- INSERT INTO club (CLUB_NAME, CLUB_INFO, MEMBER_LIMIT, FEE, JOIN_METHOD, BIRTH_YEAR_MIN, BIRTH_YEAR_MAX, GENDER_RESTRICTION,
--                   MEETING_DATE, MEETING_TIME, IS_ONLINE, LOCATION, JOIN_QUESTION, CLUB_STATUS,CATEGORY_SMALL_ID, FILE_INFO_ID, HOST_ID)
-- VALUES ('강원도 서킷 달리실분만 오세요.', '행복한 아지트 입니다! 모두들 어서 오세요.', 6, 5000, 'APPROVAL', '1990', '2010', 'FEMALE_ONLY', curdate()+4,
--         '23:59:00', 'online', null, '늦지말고 참여해주세요~', 'CLUB_ACTIVE', 24, 34, 8);
-- INSERT INTO club (CLUB_NAME, CLUB_INFO, MEMBER_LIMIT, FEE, JOIN_METHOD, BIRTH_YEAR_MIN, BIRTH_YEAR_MAX, GENDER_RESTRICTION,
--                   MEETING_DATE, MEETING_TIME, IS_ONLINE, LOCATION, JOIN_QUESTION, CLUB_STATUS,CATEGORY_SMALL_ID, FILE_INFO_ID, HOST_ID)
-- VALUES ('나 전기차 샀다 차박할거임!', '즐거운 아지트 입니다! 모두들 어서 오세요.', 7, 5000, 'APPROVAL', '1990', '2010', 'ALL', curdate(),
--         '23:59:00', 'offline', '서울시 강남구', '늦지말고 참여해주세요~', 'CLUB_ACTIVE', 25, 35, 8);
-- INSERT INTO club (CLUB_NAME, CLUB_INFO, MEMBER_LIMIT, FEE, JOIN_METHOD, BIRTH_YEAR_MIN, BIRTH_YEAR_MAX, GENDER_RESTRICTION,
--                   MEETING_DATE, MEETING_TIME, IS_ONLINE, LOCATION, JOIN_QUESTION, CLUB_STATUS,CATEGORY_SMALL_ID, FILE_INFO_ID, HOST_ID)
-- VALUES ('개발 블로그 잘 하고 계신가요?', '신나는 아지트 입니다! 모두들 어서 오세요.', 8, 5000, 'APPROVAL', '1990', '2010', 'FEMALE_ONLY', curdate()+1,
--         '23:59:00', 'offline', '서울시 강남구', '늦지말고 참여해주세요~', 'CLUB_ACTIVE', 26, 36, 9);
-- INSERT INTO club (CLUB_NAME, CLUB_INFO, MEMBER_LIMIT, FEE, JOIN_METHOD, BIRTH_YEAR_MIN, BIRTH_YEAR_MAX, GENDER_RESTRICTION,
--                   MEETING_DATE, MEETING_TIME, IS_ONLINE, LOCATION, JOIN_QUESTION, CLUB_STATUS,CATEGORY_SMALL_ID, FILE_INFO_ID, HOST_ID)
-- VALUES ('저는 아이패드로 색칠공부합니다.', '좋은 아지트 입니다! 모두들 어서 오세요.', 9, 5000, 'APPROVAL', '1990', '2010', 'FEMALE_ONLY', curdate()+2,
--         '23:59:00', 'online', null, '늦지말고 참여해주세요~', 'CLUB_ACTIVE', 27, 37, 9);
-- INSERT INTO club (CLUB_NAME, CLUB_INFO, MEMBER_LIMIT, FEE, JOIN_METHOD, BIRTH_YEAR_MIN, BIRTH_YEAR_MAX, GENDER_RESTRICTION,
--                   MEETING_DATE, MEETING_TIME, IS_ONLINE, LOCATION, JOIN_QUESTION, CLUB_STATUS,CATEGORY_SMALL_ID, FILE_INFO_ID, HOST_ID)
-- VALUES ('프리미어 프로 강의 해드립니다!', '맛있는 아지트 입니다! 모두들 어서 오세요.', 10, 5000, 'APPROVAL', '1990', '2010', 'MALE_ONLY', curdate()+3,
--         '23:59:00', 'offline', '서울시 강남구', '늦지말고 참여해주세요~', 'CLUB_ACTIVE', 28, 38, 9);
-- INSERT INTO club (CLUB_NAME, CLUB_INFO, MEMBER_LIMIT, FEE, JOIN_METHOD, BIRTH_YEAR_MIN, BIRTH_YEAR_MAX, GENDER_RESTRICTION,
--                   MEETING_DATE, MEETING_TIME, IS_ONLINE, LOCATION, JOIN_QUESTION, CLUB_STATUS,CATEGORY_SMALL_ID, FILE_INFO_ID, HOST_ID)
-- VALUES ('반지 만들기 공예 같이 하실분 모셔요', '색다른 아지트 입니다! 모두들 어서 오세요.', 7, 5000, 'APPROVAL', '1990', '2010', 'ALL', curdate()+4,
--         '23:59:00', 'offline', '서울시 강남구', '늦지말고 참여해주세요~', 'CLUB_ACTIVE', 29, 39, 9);
-- INSERT INTO club (CLUB_NAME, CLUB_INFO, MEMBER_LIMIT, FEE, JOIN_METHOD, BIRTH_YEAR_MIN, BIRTH_YEAR_MAX, GENDER_RESTRICTION,
--                   MEETING_DATE, MEETING_TIME, IS_ONLINE, LOCATION, JOIN_QUESTION, CLUB_STATUS,CATEGORY_SMALL_ID, FILE_INFO_ID, HOST_ID)
-- VALUES ('Do It Yourself', '색다른 아지트 입니다! 모두들 어서 오세요.', 11, 5000, 'APPROVAL', '1990', '2010', 'MALE_ONLY', curdate()+4,
--         '23:59:00', 'offline', '서울시 강남구', '늦지말고 참여해주세요~', 'CLUB_ACTIVE', 30, 40, 9);
-- INSERT INTO club (CLUB_NAME, CLUB_INFO, MEMBER_LIMIT, FEE, JOIN_METHOD, BIRTH_YEAR_MIN, BIRTH_YEAR_MAX, GENDER_RESTRICTION,
--                   MEETING_DATE, MEETING_TIME, IS_ONLINE, LOCATION, JOIN_QUESTION, CLUB_STATUS,CATEGORY_SMALL_ID, FILE_INFO_ID, HOST_ID)
-- VALUES ('66일 챌린지 시작합니다.', '내맘대로 아지트 입니다! 모두들 어서 오세요.', 12, 5000, 'APPROVAL', '1990', '2010', 'FEMALE_ONLY', curdate(),
--         '23:59:00', 'online', null, '늦지말고 참여해주세요~', 'CLUB_ACTIVE', 31, 41, 10);
-- INSERT INTO club (CLUB_NAME, CLUB_INFO, MEMBER_LIMIT, FEE, JOIN_METHOD, BIRTH_YEAR_MIN, BIRTH_YEAR_MAX, GENDER_RESTRICTION,
--                   MEETING_DATE, MEETING_TIME, IS_ONLINE, LOCATION, JOIN_QUESTION, CLUB_STATUS,CATEGORY_SMALL_ID, FILE_INFO_ID, HOST_ID)
-- VALUES ('롤 챌린저 가기 챌린지 도전하실분?', '너무많아 아지트 입니다! 모두들 어서 오세요.', 13, 5000, 'APPROVAL', '1990', '2010', 'ALL', curdate()+1,
--         '23:59:00', 'offline', '서울시 강남구', '늦지말고 참여해주세요~', 'CLUB_ACTIVE', 32, 42, 10);
-- INSERT INTO club (CLUB_NAME, CLUB_INFO, MEMBER_LIMIT, FEE, JOIN_METHOD, BIRTH_YEAR_MIN, BIRTH_YEAR_MAX, GENDER_RESTRICTION,
--                   MEETING_DATE, MEETING_TIME, IS_ONLINE, LOCATION, JOIN_QUESTION, CLUB_STATUS,CATEGORY_SMALL_ID, FILE_INFO_ID, HOST_ID)
-- VALUES ('책은 마음의 양식입니다.', '즐거운 아지트 입니다! 모두들 어서 오세요.', 14, 5000, 'APPROVAL', '1990', '2010', 'ALL', curdate()+2,
--         '23:59:00', 'online', null, '늦지말고 참여해주세요~', 'CLUB_ACTIVE', 33, 43, 10);
-- INSERT INTO club (CLUB_NAME, CLUB_INFO, MEMBER_LIMIT, FEE, JOIN_METHOD, BIRTH_YEAR_MIN, BIRTH_YEAR_MAX, GENDER_RESTRICTION,
--                   MEETING_DATE, MEETING_TIME, IS_ONLINE, LOCATION, JOIN_QUESTION, CLUB_STATUS,CATEGORY_SMALL_ID, FILE_INFO_ID, HOST_ID)
-- VALUES ('Python 스터디 하실분 구합니다.', '색다른 아지트 입니다! 모두들 어서 오세요.', 15, 5000, 'APPROVAL', '1990', '2010', 'ALL', curdate()+3,
--         '23:59:00', 'offline', '서울시 강남구', '늦지말고 참여해주세요~', 'CLUB_ACTIVE', 34, 44, 10);
-- INSERT INTO club (CLUB_NAME, CLUB_INFO, MEMBER_LIMIT, FEE, JOIN_METHOD, BIRTH_YEAR_MIN, BIRTH_YEAR_MAX, GENDER_RESTRICTION,
--                   MEETING_DATE, MEETING_TIME, IS_ONLINE, LOCATION, JOIN_QUESTION, CLUB_STATUS,CATEGORY_SMALL_ID, FILE_INFO_ID, HOST_ID)
-- VALUES ('프랑스어 배우기 초급', '맛있는 아지트 입니다! 모두들 어서 오세요.', 16, 5000, 'APPROVAL', '1990', '2010', 'MALE_ONLY', curdate()-1,
--         '23:59:00', 'online', null, '늦지말고 참여해주세요~', 'CLUB_ACTIVE', 35, 45, 10);
--
--
-- -- DUMMY CLUBMEMBER DATA
-- INSERT INTO club_member (CLUB_MEMBER_STATUS, JOIN_ANSWER, CLUB_ID, MEMBER_ID) VALUES ('CLUB_WAITING', '1번 아지트 저도 참가할래요!', 1, 3);
-- INSERT INTO club_member (CLUB_MEMBER_STATUS, JOIN_ANSWER, CLUB_ID, MEMBER_ID) VALUES ('CLUB_WAITING', '3번 아지트 저도 참가할래요!', 3, 3);
-- INSERT INTO club_member (CLUB_MEMBER_STATUS, JOIN_ANSWER, CLUB_ID, MEMBER_ID) VALUES ('CLUB_WAITING', '5번 아지트 저도 참가할래요!', 5, 3);
--
-- INSERT INTO club_member (CLUB_MEMBER_STATUS, JOIN_ANSWER, CLUB_ID, MEMBER_ID) VALUES ('CLUB_WAITING', '2번 신청완료~', 2, 3);
-- INSERT INTO club_member (CLUB_MEMBER_STATUS, JOIN_ANSWER, CLUB_ID, MEMBER_ID) VALUES ('CLUB_WAITING', '4번 신청완료~', 4, 3);
-- INSERT INTO club_member (CLUB_MEMBER_STATUS, JOIN_ANSWER, CLUB_ID, MEMBER_ID) VALUES ('CLUB_WAITING', '6번 신청완료~', 6, 3);
--
-- INSERT INTO club_member (CLUB_MEMBER_STATUS, JOIN_ANSWER, CLUB_ID, MEMBER_ID) VALUES ('CLUB_REJECTED', '7번 신청완료~', 7, 3);
-- INSERT INTO club_member (CLUB_MEMBER_STATUS, JOIN_ANSWER, CLUB_ID, MEMBER_ID) VALUES ('CLUB_REJECTED', '8번 신청완료~', 8, 3);
-- INSERT INTO club_member (CLUB_MEMBER_STATUS, JOIN_ANSWER, CLUB_ID, MEMBER_ID) VALUES ('CLUB_REJECTED', '9번 신청완료~', 9, 3);
--
-- INSERT INTO club_member (CLUB_MEMBER_STATUS, JOIN_ANSWER, CLUB_ID, MEMBER_ID) VALUES ('CLUB_KICKED', '10번 신청완료~', 10, 3);
-- INSERT INTO club_member (CLUB_MEMBER_STATUS, JOIN_ANSWER, CLUB_ID, MEMBER_ID) VALUES ('CLUB_KICKED', '11번 신청완료~', 11, 3);
-- INSERT INTO club_member (CLUB_MEMBER_STATUS, JOIN_ANSWER, CLUB_ID, MEMBER_ID) VALUES ('CLUB_KICKED', '12번 신청완료~', 12, 3);
--
-- INSERT INTO club_member (CLUB_MEMBER_STATUS, JOIN_ANSWER, CLUB_ID, MEMBER_ID) VALUES ('CLUB_JOINED', '신청완료~', 1, 2);
-- INSERT INTO club_member (CLUB_MEMBER_STATUS, JOIN_ANSWER, CLUB_ID, MEMBER_ID) VALUES ('CLUB_JOINED', '신청완료~', 2, 2);
-- INSERT INTO club_member (CLUB_MEMBER_STATUS, JOIN_ANSWER, CLUB_ID, MEMBER_ID) VALUES ('CLUB_JOINED', '신청완료~', 3, 2);
-- INSERT INTO club_member (CLUB_MEMBER_STATUS, JOIN_ANSWER, CLUB_ID, MEMBER_ID) VALUES ('CLUB_JOINED', '신청완료~', 4, 2);
-- INSERT INTO club_member (CLUB_MEMBER_STATUS, JOIN_ANSWER, CLUB_ID, MEMBER_ID) VALUES ('CLUB_JOINED', '신청완료~', 5, 2);
-- INSERT INTO club_member (CLUB_MEMBER_STATUS, JOIN_ANSWER, CLUB_ID, MEMBER_ID) VALUES ('CLUB_JOINED', '신청완료~', 6, 2);
-- INSERT INTO club_member (CLUB_MEMBER_STATUS, JOIN_ANSWER, CLUB_ID, MEMBER_ID) VALUES ('CLUB_JOINED', '신청완료~', 7, 2);
-- INSERT INTO club_member (CLUB_MEMBER_STATUS, JOIN_ANSWER, CLUB_ID, MEMBER_ID) VALUES ('CLUB_JOINED', '신청완료~', 8, 2);
-- INSERT INTO club_member (CLUB_MEMBER_STATUS, JOIN_ANSWER, CLUB_ID, MEMBER_ID) VALUES ('CLUB_JOINED', '신청완료~', 9, 2);
-- INSERT INTO club_member (CLUB_MEMBER_STATUS, JOIN_ANSWER, CLUB_ID, MEMBER_ID) VALUES ('CLUB_JOINED', '신청완료~', 10, 2);
-- INSERT INTO club_member (CLUB_MEMBER_STATUS, JOIN_ANSWER, CLUB_ID, MEMBER_ID) VALUES ('CLUB_JOINED', '신청완료~', 11, 2);
-- INSERT INTO club_member (CLUB_MEMBER_STATUS, JOIN_ANSWER, CLUB_ID, MEMBER_ID) VALUES ('CLUB_JOINED', '신청완료~', 12, 2);
-- INSERT INTO club_member (CLUB_MEMBER_STATUS, JOIN_ANSWER, CLUB_ID, MEMBER_ID) VALUES ('CLUB_JOINED', '신청완료~', 13, 2);
-- INSERT INTO club_member (CLUB_MEMBER_STATUS, JOIN_ANSWER, CLUB_ID, MEMBER_ID) VALUES ('CLUB_JOINED', '신청완료~', 14, 2);
-- INSERT INTO club_member (CLUB_MEMBER_STATUS, JOIN_ANSWER, CLUB_ID, MEMBER_ID) VALUES ('CLUB_JOINED', '신청완료~', 15, 2);
-- INSERT INTO club_member (CLUB_MEMBER_STATUS, JOIN_ANSWER, CLUB_ID, MEMBER_ID) VALUES ('CLUB_JOINED', '신청완료~', 16, 2);
-- INSERT INTO club_member (CLUB_MEMBER_STATUS, JOIN_ANSWER, CLUB_ID, MEMBER_ID) VALUES ('CLUB_JOINED', '신청완료~', 17, 2);
-- INSERT INTO club_member (CLUB_MEMBER_STATUS, JOIN_ANSWER, CLUB_ID, MEMBER_ID) VALUES ('CLUB_JOINED', '신청완료~', 18, 2);
-- INSERT INTO club_member (CLUB_MEMBER_STATUS, JOIN_ANSWER, CLUB_ID, MEMBER_ID) VALUES ('CLUB_JOINED', '신청완료~', 19, 2);
-- INSERT INTO club_member (CLUB_MEMBER_STATUS, JOIN_ANSWER, CLUB_ID, MEMBER_ID) VALUES ('CLUB_JOINED', '신청완료~', 20, 2);
-- INSERT INTO club_member (CLUB_MEMBER_STATUS, JOIN_ANSWER, CLUB_ID, MEMBER_ID) VALUES ('CLUB_JOINED', '신청완료~', 21, 2);
-- INSERT INTO club_member (CLUB_MEMBER_STATUS, JOIN_ANSWER, CLUB_ID, MEMBER_ID) VALUES ('CLUB_JOINED', '신청완료~', 22, 2);
-- INSERT INTO club_member (CLUB_MEMBER_STATUS, JOIN_ANSWER, CLUB_ID, MEMBER_ID) VALUES ('CLUB_JOINED', '신청완료~', 23, 2);
-- INSERT INTO club_member (CLUB_MEMBER_STATUS, JOIN_ANSWER, CLUB_ID, MEMBER_ID) VALUES ('CLUB_JOINED', '신청완료~', 24, 2);
-- INSERT INTO club_member (CLUB_MEMBER_STATUS, JOIN_ANSWER, CLUB_ID, MEMBER_ID) VALUES ('CLUB_JOINED', '신청완료~', 25, 2);
-- INSERT INTO club_member (CLUB_MEMBER_STATUS, JOIN_ANSWER, CLUB_ID, MEMBER_ID) VALUES ('CLUB_JOINED', '신청완료~', 26, 2);
-- INSERT INTO club_member (CLUB_MEMBER_STATUS, JOIN_ANSWER, CLUB_ID, MEMBER_ID) VALUES ('CLUB_JOINED', '신청완료~', 27, 2);
-- INSERT INTO club_member (CLUB_MEMBER_STATUS, JOIN_ANSWER, CLUB_ID, MEMBER_ID) VALUES ('CLUB_JOINED', '신청완료~', 28, 2);
-- INSERT INTO club_member (CLUB_MEMBER_STATUS, JOIN_ANSWER, CLUB_ID, MEMBER_ID) VALUES ('CLUB_JOINED', '신청완료~', 29, 2);
-- INSERT INTO club_member (CLUB_MEMBER_STATUS, JOIN_ANSWER, CLUB_ID, MEMBER_ID) VALUES ('CLUB_JOINED', '신청완료~', 30, 2);
-- INSERT INTO club_member (CLUB_MEMBER_STATUS, JOIN_ANSWER, CLUB_ID, MEMBER_ID) VALUES ('CLUB_JOINED', '신청완료~', 31, 2);
-- INSERT INTO club_member (CLUB_MEMBER_STATUS, JOIN_ANSWER, CLUB_ID, MEMBER_ID) VALUES ('CLUB_JOINED', '신청완료~', 32, 2);
-- INSERT INTO club_member (CLUB_MEMBER_STATUS, JOIN_ANSWER, CLUB_ID, MEMBER_ID) VALUES ('CLUB_JOINED', '신청완료~', 33, 2);
-- INSERT INTO club_member (CLUB_MEMBER_STATUS, JOIN_ANSWER, CLUB_ID, MEMBER_ID) VALUES ('CLUB_JOINED', '신청완료~', 34, 2);
-- INSERT INTO club_member (CLUB_MEMBER_STATUS, JOIN_ANSWER, CLUB_ID, MEMBER_ID) VALUES ('CLUB_JOINED', '신청완료~', 35, 2);
--
--
-- -- DUMMY REVIEW DATA
-- INSERT INTO review (REVIEWER_ID, REVIEWEE_ID, CLUB_ID, COMMENT_CATEGORY, COMMENT_BODY, REVIEW_STATUS)
--             VALUES (3,1,35,'CONSIDERATE','잘생겼어요',false);
-- INSERT INTO review (REVIEWER_ID, REVIEWEE_ID, CLUB_ID, COMMENT_CATEGORY, COMMENT_BODY, REVIEW_STATUS)
--             VALUES (1,3,35,'MOOD_MAKER','얼굴이 재밌어요',false);
--
SELECT * FROM category_large;
